Date,Temperature,TDS,pH
Thu Feb 13 2025 00:00:00 GMT+0500 (Pakistan Standard Time),30.125,121.48352,6
Fri Feb 14 2025 00:00:00 GMT+0500 (Pakistan Standard Time),31.29,166.61171,6
Sat Feb 15 2025 00:00:00 GMT+0500 (Pakistan Standard Time),31.5,121.48352,6.2
Sun Feb 16 2025 00:00:00 GMT+0500 (Pakistan Standard Time),30.1875,119.2674,6.25901
Mon Feb 17 2025 00:00:00 GMT+0500 (Pakistan Standard Time),30,132.16116,6.2
Tue Feb 18 2025 00:00:00 GMT+0500 (Pakistan Standard Time),31.54,73.93773,6.2
Wed Feb 19 2025 00:00:00 GMT+0500 (Pakistan Standard Time),32.1,152.71062,6
Thu Feb 20 2025 00:00:00 GMT+0500 (Pakistan Standard Time),30,129.54213,6.52
Fri Feb 21 2025 00:00:00 GMT+0500 (Pakistan Standard Time),30.1875,89.85348,6.59
Sat Feb 22 2025 00:00:00 GMT+0500 (Pakistan Standard Time),31,84.41392,6.4
Sun Feb 23 2025 00:00:00 GMT+0500 (Pakistan Standard Time),31,80.78754,6.48
Mon Feb 24 2025 00:00:00 GMT+0500 (Pakistan Standard Time),30.59,130.95239,6.1
Tue Feb 25 2025 00:00:00 GMT+0500 (Pakistan Standard Time),29.87,94.68864,6.1
Wed Feb 26 2025 00:00:00 GMT+0500 (Pakistan Standard Time),30.19,72.12454,6.13
Thu Feb 27 2025 00:00:00 GMT+0500 (Pakistan Standard Time),30.67,168.02197,6.42
Fri Feb 28 2025 00:00:00 GMT+0500 (Pakistan Standard Time),29.76,131.75824,6.05
Sat Mar 01 2025 00:00:00 GMT+0500 (Pakistan Standard Time),30.73,86.8315,6.02
Sun Mar 02 2025 00:00:00 GMT+0500 (Pakistan Standard Time),30.18,77.36263,6.085
Mon Mar 03 2025 00:00:00 GMT+0500 (Pakistan Standard Time),29.98,128.53479,6.38
Tue Mar 04 2025 00:00:00 GMT+0500 (Pakistan Standard Time),30.25,119.67033,6.86
Wed Mar 05 2025 00:00:00 GMT+0500 (Pakistan Standard Time),31.25,173.66301,6.44033
Thu Mar 06 2025 00:00:00 GMT+0500 (Pakistan Standard Time),32.55,112.21612,6
Fri Mar 07 2025 00:00:00 GMT+0500 (Pakistan Standard Time),32,119.8718,6
Sat Mar 08 2025 00:00:00 GMT+0500 (Pakistan Standard Time),30.25,121.88644,6.2
Sun Mar 09 2025 00:00:00 GMT+0500 (Pakistan Standard Time),29.99,113.42491,6
Mon Mar 10 2025 00:00:00 GMT+0500 (Pakistan Standard Time),31,125.31136,6
Tue Mar 11 2025 00:00:00 GMT+0500 (Pakistan Standard Time),33,122.49084,6.86
Wed Mar 12 2025 00:00:00 GMT+0500 (Pakistan Standard Time),31.86,117.05128,6.72
Thu Mar 13 2025 00:00:00 GMT+0500 (Pakistan Standard Time),32,116.04395,6.7
Fri Mar 14 2025 00:00:00 GMT+0500 (Pakistan Standard Time),32.43,92.47253,6.39
Sat Mar 15 2025 00:00:00 GMT+0500 (Pakistan Standard Time),30.89,141.42857,6.39
Sun Mar 16 2025 00:00:00 GMT+0500 (Pakistan Standard Time),31,116.04395,6.98
Mon Mar 17 2025 00:00:00 GMT+0500 (Pakistan Standard Time),30.98,140.42123,6.4
Tue Mar 18 2025 00:00:00 GMT+0500 (Pakistan Standard Time),32.12,106.37363,6.38
Wed Mar 19 2025 00:00:00 GMT+0500 (Pakistan Standard Time),30.3125,117.25275,6.37
Thu Mar 20 2025 00:00:00 GMT+0500 (Pakistan Standard Time),31,125.91575,7.06
Fri Mar 21 2025 00:00:00 GMT+0500 (Pakistan Standard Time),31.75,157.54579,6.88
Sat Mar 22 2025 00:00:00 GMT+0500 (Pakistan Standard Time),30.98,116.04395,6.98
Sun Mar 23 2025 00:00:00 GMT+0500 (Pakistan Standard Time),30.19,113.02198,6.02
Mon Mar 24 2025 00:00:00 GMT+0500 (Pakistan Standard Time),31.78,87.23443,6.085
Tue Mar 25 2025 00:00:00 GMT+0500 (Pakistan Standard Time),30.375,106.37363,6.38
Wed Mar 26 2025 00:00:00 GMT+0500 (Pakistan Standard Time),31.65,132.5641,6.86
Thu Mar 27 2025 00:00:00 GMT+0500 (Pakistan Standard Time),31.89,121.28205,6.72
Fri Mar 28 2025 00:00:00 GMT+0500 (Pakistan Standard Time),31.99,108.79121,6.2
Sat Mar 29 2025 00:00:00 GMT+0500 (Pakistan Standard Time),32.56,116.64835,6
Sun Mar 30 2025 00:00:00 GMT+0500 (Pakistan Standard Time),30.74,93.27839,6.45
Mon Mar 31 2025 00:00:00 GMT+0500 (Pakistan Standard Time),30.98,121.28205,6
Tue Apr 01 2025 00:00:00 GMT+0500 (Pakistan Standard Time),29.87,177.49084,6.66
Wed Apr 02 2025 00:00:00 GMT+0500 (Pakistan Standard Time),30.16,118.86447,6.85
Thu Apr 03 2025 00:00:00 GMT+0500 (Pakistan Standard Time),30.79,122.856,6.8
Fri Apr 04 2025 00:00:00 GMT+0500 (Pakistan Standard Time),31.37,128.93773,6.7
Sat Apr 05 2025 00:00:00 GMT+0500 (Pakistan Standard Time),31.9,193.80952,6.9
Sun Apr 06 2025 00:00:00 GMT+0500 (Pakistan Standard Time),29.43,168.82784,7.3
Mon Apr 07 2025 00:00:00 GMT+0500 (Pakistan Standard Time),29.5,121.68498,7.2
Tue Apr 08 2025 00:00:00 GMT+0500 (Pakistan Standard Time),29.56,159.35898,7.5
Wed Apr 09 2025 00:00:00 GMT+0500 (Pakistan Standard Time),28.97,142.03296,6.9
Thu Apr 10 2025 00:00:00 GMT+0500 (Pakistan Standard Time),29.75,132.16116,6.39
Fri Apr 11 2025 00:00:00 GMT+0500 (Pakistan Standard Time),29.55,156.73991,6.88
Sat Apr 12 2025 00:00:00 GMT+0500 (Pakistan Standard Time),29.43,147.06961,6.38
Sun Apr 13 2025 00:00:00 GMT+0500 (Pakistan Standard Time),25,190,6.2
Mon Apr 14 2025 00:00:00 GMT+0500 (Pakistan Standard Time),20,180,6.1
Tue Apr 15 2025 00:00:00 GMT+0500 (Pakistan Standard Time),24,170,6
Wed Apr 16 2025 00:00:00 GMT+0500 (Pakistan Standard Time),28.9,90.65934,7.16857
Thu Apr 17 2025 00:00:00 GMT+0500 (Pakistan Standard Time),31.75,171.04396,9.21385
Fri Apr 18 2025 00:00:00 GMT+0500 (Pakistan Standard Time),30.3125,163.38828,8.88022
Sat Apr 19 2025 00:00:00 GMT+0500 (Pakistan Standard Time),30.3125,127.12455,8.83912
Sun Apr 20 2025 00:00:00 GMT+0500 (Pakistan Standard Time),30.3125,138.00366,8.21297
Mon Apr 21 2025 00:00:00 GMT+0500 (Pakistan Standard Time),30.375,180.10989,7.96637
Tue Apr 22 2025 00:00:00 GMT+0500 (Pakistan Standard Time),30.375,200.86081,8.54659
Wed Apr 23 2025 00:00:00 GMT+0500 (Pakistan Standard Time),30.375,171.24542,7.93253
Thu Apr 24 2025 00:00:00 GMT+0500 (Pakistan Standard Time),30.375,131.75824,8.52967
Fri Apr 25 2025 00:00:00 GMT+0500 (Pakistan Standard Time),30.375,126.31868,8.5055
Sat Apr 26 2025 00:00:00 GMT+0500 (Pakistan Standard Time),30.375,113.82784,7.93253
Sun Apr 27 2025 00:00:00 GMT+0500 (Pakistan Standard Time),30.4375,164.3956,7.86725
Mon Apr 28 2025 00:00:00 GMT+0500 (Pakistan Standard Time),30.375,123.49817,8.58286
Tue Apr 29 2025 00:00:00 GMT+0500 (Pakistan Standard Time),30.375,167.01466,8.32418
Wed Apr 30 2025 00:00:00 GMT+0500 (Pakistan Standard Time),30.4375,128.93773,7.87209
Thu May 01 2025 00:00:00 GMT+0500 (Pakistan Standard Time),30.253,106.37363,7.20725
Fri May 02 2025 00:00:00 GMT+0500 (Pakistan Standard Time),31.256,125.37363,7.30725
Sat May 03 2025 00:00:00 GMT+0500 (Pakistan Standard Time),31.5,145.05495,7.37648
Sun May 04 2025 00:00:00 GMT+0500 (Pakistan Standard Time),31.625,114.0293,8.30967
Mon May 05 2025 00:00:00 GMT+0500 (Pakistan Standard Time),30.1875,132.16116,8.72791
Tue May 06 2025 00:00:00 GMT+0500 (Pakistan Standard Time),30.125,151.50183,8.06549
Wed May 07 2025 00:00:00 GMT+0500 (Pakistan Standard Time),30.125,193.00366,7.91077
Thu May 08 2025 00:00:00 GMT+0500 (Pakistan Standard Time),30.125,185.95238,8.01956
Fri May 09 2025 00:00:00 GMT+0500 (Pakistan Standard Time),30.125,109.79854,8.1096
Sat May 10 2025 00:00:00 GMT+0500 (Pakistan Standard Time),30.125,121.88644,7.70615
Sun May 11 2025 00:00:00 GMT+0500 (Pakistan Standard Time),30.125,157.34433,7.60945
Mon May 12 2025 00:00:00 GMT+0500 (Pakistan Standard Time),30.125,215.84249,8.11824
Tue May 13 2025 00:00:00 GMT+0500 (Pakistan Standard Time),30.125,249.64835,8.01231
Wed May 14 2025 00:00:00 GMT+0500 (Pakistan Standard Time),30.125,229.94505,6.82286
Thu May 15 2025 00:00:00 GMT+0500 (Pakistan Standard Time),30.1875,148.3251,8.36923
Fri May 16 2025 00:00:00 GMT+0500 (Pakistan Standard Time),30.75,149.5423,7.26286
Sat May 17 2025 00:00:00 GMT+0500 (Pakistan Standard Time),32.125,142.23444,8.35912
Sun May 18 2025 00:00:00 GMT+0500 (Pakistan Standard Time),32.1875,147.27107,8.47275
Mon May 19 2025 00:00:00 GMT+0500 (Pakistan Standard Time),32.125,132.16116,8.47758
Tue May 20 2025 00:00:00 GMT+0500 (Pakistan Standard Time),32.125,154.5238,8.81363
Wed May 21 2025 00:00:00 GMT+0500 (Pakistan Standard Time),32.1875,156.73991,8.45099
Thu May 22 2025 00:00:00 GMT+0500 (Pakistan Standard Time),32.1875,154.5238,7.89011
Fri May 23 2025 00:00:00 GMT+0500 (Pakistan Standard Time),32.1875,158.15018,8.36637
Sat May 24 2025 00:00:00 GMT+0500 (Pakistan Standard Time),32.1875,160.3663,8.3978
Sun May 25 2025 00:00:00 GMT+0500 (Pakistan Standard Time),32.25,159.35898,8.48725
Fri Jun 13 2025 13:09:29 GMT+0500 (Pakistan Standard Time),85,154.12088,7.27604
Fri Jun 13 2025 13:14:29 GMT+0500 (Pakistan Standard Time),32,157.94872,9.00703
Fri Jun 13 2025 13:19:30 GMT+0500 (Pakistan Standard Time),31.25,166.20879,9.43011
